id,text,dialog_id,speaker,description,start_time,end_time
1,"うん",,,,00:03:57.570,00:03:57.630
2,"館長そろそろ会議の時間です",1,"係員","館長、そろそろ会議の時間です",00:04:54.429,00:04:56.220
3,"自転車",,,,00:05:37.970,00:05:38.480
4,"ダメ",,,,00:05:38.950,00:05:39.309
5,"自転車だめですよ",2,"係員","自転車ダメですよ！",00:05:41.230,00:05:42.369
,,3,"一也","君、ここ関係者以外立ち入り……、
あ、お前さっきの",00:06:13.813,00:06:46.070
6,"うん",,,,00:06:24.489,00:06:24.739
7,"いい",,,,00:06:39.630,00:06:39.929
8,"関係者がだ",,,,00:06:40.640,00:06:41.739
9,"お前",,,,00:06:42.769,00:06:43.179
,,4,"一也","おはようございます",00:06:46.396,00:07:18.654
10,"ありがとうござい",,,,00:06:49.510,00:06:49.880
11,"はいこれ",5,"仲村","はいこれ",00:07:18.980,00:07:19.739
12,"机の片隅を使って",6,"仲村","机は、あっちの片隅を使って",00:07:22.119,00:07:24.040
13,"着替えたらみんなで紹介するから",7,"仲村","着替えたらみんなに紹介するから",00:07:25.799,00:07:27.489
14,"あ",,,,00:07:33.320,00:07:33.450
15,"空室はそこ",8,"仲村","あ、更衣室はそこ",00:07:33.920,00:07:34.660
,,9,"仲村","今日からウチで働く獣医の植村一也君",00:07:45.840,00:07:57.640
16,"普通さ",,,,00:07:46.529,00:07:46.989
17,"午後から体重特急だっけ？",,,,00:07:47.679,00:07:49.179
18,"え失礼",,,,00:07:49.899,00:07:50.630
19,"え？今日からあーうちで働く十位の",,,,00:07:53.170,00:07:55.799
20,"上村和也君",,,,00:07:56.089,00:07:57.019
21,"よろしく",,,,00:07:57.570,00:07:57.649
22,"お願いします",10,"一也","よろしくお願いします（頭を下げる）",00:07:57.760,00:07:58.200
23,"はいよろしく",,,,00:07:59.459,00:08:00.000
24,"え飼育インの",,,,00:08:00.230,00:08:01.440
25,"モユリと日が強",,,,00:08:01.570,00:08:03.109
26,"飼育のことはこの二人に聞いて覚えるよう",11,"仲村","飼育員の望月ユリと比嘉剛。
飼育のことはこの２人に聞いて覚えるように",00:08:04.609,00:08:06.899
,,12,"一也","え、飼育？",00:08:07.189,00:08:09.743
27,"えっと次は",13,"仲村","えーと、次は……",00:08:09.769,00:08:11.410
,,14,"一也","え、あ、あの、オレ獣医……",00:08:13.924,00:08:18.037
28,"え？あの",,,,00:08:14.059,00:08:14.660
29,"俺十",,,,00:08:15.160,00:08:15.649
30,"位する",,,,00:08:16.040,00:08:16.420
31,"から",,,,00:08:16.559,00:08:16.640
32,"あれ",,,,00:08:17.380,00:08:17.649
33,"今年になって辞めたの三人だっけ？",15,"剛","あれ？今年になって辞めたの、
３人だっけ",00:08:18.079,00:08:19.630
34,"四人",,,,00:08:20.160,00:08:20.230
,,16,"ユリ","４人。だから、５番目の獣医",00:08:20.904,00:08:23.701
35,"だから",,,,00:08:21.000,00:08:21.429
36,"五番目の十位",,,,00:08:21.630,00:08:22.529
37,"いつまでもつかな",17,"剛","いつまでもつかな……",00:08:23.730,00:08:24.790
38,"まだ切るんですか？",18,"一也","……まだ切るんですか",00:09:27.140,00:09:27.979
39,"一頭で一日十キロ",,,,00:09:28.950,00:09:30.500
40,"二十頭いるから二百キロ以上",19,"ユリ","１頭で１日10キロ、
20頭いるから２００キロ以上。",00:09:30.659,00:09:32.270
41,"それを",,,,00:09:32.780,00:09:33.239
42,"六回に分けて食べてするのね",20,"ユリ","それを６回にわけて食べさせるのよ",00:09:33.460,00:09:34.969
43,"一日中餌とありですか？",21,"一也","１日中餌切りと餌やりですか",00:09:36.200,00:09:38.229
44,"一年中だよ",22,"剛","１年中だよ",00:09:38.799,00:09:39.719
45,"ひちゃんと落とせよ",,,,00:09:43.109,00:09:44.239
46,"イルカがつまら",,,,00:09:44.640,00:09:45.659
,,23,"剛","ヒレちゃんと落とせよ。
イルカが喉詰まらすから",00:09:51.129,00:10:03.336
47,"うちにはイルカが全部で二十頭いる",24,"仲村","ウチにはイルカが全部で20頭いる。
バンドウイルカが５頭、",00:10:03.460,00:10:05.809
48,"番頭イルカが",,,,00:10:06.820,00:10:07.849
,,25,"仲村","オキゴンドウが６頭、
ミナミバンドウが６頭、
カマイルカが２頭、",00:10:08.634,00:10:13.757
49,"五島道が六頭",,,,00:10:08.650,00:10:09.849
50,"南番頭は六頭",,,,00:10:10.130,00:10:11.320
51,"浜イルカが二頭",,,,00:10:12.090,00:10:12.989
52,"シワハイルカが一頭だ",26,"仲村","シワハイルカが１頭だ",00:10:13.809,00:10:15.140
,,27,"一也","……はぁ",00:10:16.079,00:10:18.326
53,"今日中に",,,,00:10:17.380,00:10:18.169
54,"イルカの顔と名前を覚えるよね",28,"仲村","今日中にイルカの顔と名前を覚えるように",00:10:18.349,00:10:20.289
55,"みんな同じ顔じゃないですか？",29,"一也","（４頭を見渡し）みんな同じ顔じゃないっすか",00:10:22.250,00:10:23.369
56,"傷や体の色で見分けろ",30,"仲村","傷や体の色で見分けろ。右からポイ、
コニー、ダン、フジ",00:10:24.489,00:10:26.239
57,"右から",,,,00:10:27.690,00:10:28.159
58,"おい",,,,00:10:28.539,00:10:28.809
59,"ここに",,,,00:10:29.400,00:10:29.809
60,"な",,,,00:10:30.400,00:10:30.679
61,"富士",,,,00:10:31.570,00:10:31.960
62,"二百二十キロは",,,,00:10:32.159,00:10:33.479
63,"少し太ったか",,,,00:10:33.869,00:10:34.760
64,"な？",,,,00:10:34.979,00:10:35.000
65,"魅力",,,,00:10:38.669,00:10:38.739
66,"が",,,,00:10:38.869,00:10:39.020
67,"うわ",31,"一也","うわっ！",00:11:03.270,00:11:03.599
68,"えむ君",,,,00:11:13.979,00:11:14.419
69,"すいません",,,,00:11:15.309,00:11:15.780
70,"ビッグマザーに嫌われちゃったね",32,"ユリ","植村君、
ビッグマザーに嫌われちゃったね",00:11:16.119,00:11:17.590
71,"ザーそんな",,,,00:11:18.460,00:11:18.650
72,"名前いましたっけ？",33,"一也","ビッグマザー？
そんな名前いましたっけ？",00:11:19.419,00:11:20.549
73,"芸は苦手だけど",,,,00:11:22.630,00:11:23.700
74,"三頭の子供を産んだ子育ての名人",34,"ユリ","フジのことよ。
芸は苦手だけど３頭の子供を産んだ子育ての名人、",00:11:23.890,00:11:26.219
75,"だからビッグマザー",35,"ユリ","だからビッグマザー",00:11:26.539,00:11:27.630
76,"こんばんは",,,,00:11:34.780,00:11:35.340
,,36,"一也","(振り向き)あっ、お前……",00:11:38.379,00:11:50.100
,,37,"一也","え……？",00:11:50.219,00:12:01.940
77,"おい",,,,00:11:56.359,00:11:56.619
78,"あらま",,,,00:11:58.640,00:11:59.270
79,"うん",,,,00:12:01.750,00:12:01.770
80,"おじいから引っ越しわ",38,"ミチル","オジイから引っ越し祝い",00:12:02.059,00:12:03.070
81,"こっちてた",,,,00:12:06.179,00:12:06.679
82,"おい",,,,00:12:06.859,00:12:07.250
,,39,"一也","オジイって誰……、おいっ！",00:12:16.964,00:12:31.719
83,"どうしたの？",40,"ユリ","どうしたの？",00:12:31.869,00:12:32.429
84,"あ",,,,00:12:32.940,00:12:33.030
85,"いや",41,"一也","あ、いや",00:12:33.359,00:12:33.489
86,"行くぜ",,,,00:12:34.909,00:12:35.190
87,"もう",,,,00:12:40.299,00:12:40.320
88,"あの子道っていうのね",42,"ユリ","(気づいて)あの子、
ミチルっていうのよ。",00:12:45.000,00:12:46.169
89,"館長が昔から世話になっている",43,"ユリ","館長が昔から世話になっている漁師さんの孫なの",00:12:47.219,00:12:49.280
90,"漁師さんの孫な",,,,00:12:49.419,00:12:50.599
91,"親の離婚でおじいに預けられたまま",44,"ユリ","親の離婚でオジイに預けられたまま、
学校にも行ってないみたい。",00:12:51.580,00:12:53.650
92,"学校にも行ってないみたい",,,,00:12:54.140,00:12:55.349
93,"いつも富士に会いに来てんだよね",45,"ユリ","いっつもフジに会いに来てんだよね",00:12:56.409,00:12:58.140
94,"はい",,,,00:13:52.349,00:13:52.630
95,"はい",,,,00:13:53.049,00:13:53.289
,,46,"一也","！",00:14:04.719,00:15:12.346
96,"もう",,,,00:14:17.619,00:14:17.640
97,"三十六度五分",,,,00:15:05.719,00:15:06.510
98,"だって一かな？",,,,00:15:07.820,00:15:09.059
99,"ああああ",47,"一也","あ、ああ！",00:15:13.030,00:15:13.440
100,"何やってんの？お前",,,,00:15:20.239,00:15:21.390
101,"イルカが飲み込んだらどうすんだ",48,"剛","何やってんだお前！
イルカが飲み込んだらどうすんだ！",00:15:21.940,00:15:23.419
102,"うん",,,,00:15:26.460,00:15:26.479
103,"大丈夫か？",,,,00:15:26.780,00:15:27.210
104,"よし",,,,00:15:28.010,00:15:28.369
105,"すいません",49,"一也","すみません……",00:15:33.489,00:15:34.090
106,"どれ",,,,00:15:54.750,00:15:55.140
107,"これだけやると楽しいだろう",50,"仲村","どうね、これだけあると楽しいだろ",00:15:56.390,00:15:57.590
108,"あじゃあ",,,,00:16:00.219,00:16:00.520
109,"俺いつまでこんなことやんなきゃなんないんですか？",51,"一也","……課長、
オレいつまでこんなことやんなきゃなんないんですか",00:16:01.520,00:16:03.510
110,"うん",52,"仲村","ん？",00:16:04.630,00:16:04.940
111,"餌にプール掃除にバケツ洗い",53,"一也","餌切りに餌やり。
プール掃除にバケツ洗い。",00:16:05.570,00:16:08.109
112,"全部飼育の仕事じゃないですか",54,"一也","全部飼育員の仕事じゃないですか",00:16:08.750,00:16:10.409
113,"じゃあ",,,,00:16:13.750,00:16:14.309
114,"お前は何が言うて",55,"仲村","じゃあ、お前は何がやりたい？",00:16:15.330,00:16:16.469
115,"イルカの治療をしたり",56,"一也","イルカの治療をしたり、
検査のデータを分析したり、
もっと他に――",00:16:17.919,00:16:19.030
116,"検査データは五万円",,,,00:16:19.369,00:16:20.440
117,"イルカのことをどれだけわかってる？",57,"仲村","お前、
イルカのことどれだけわかってる！",00:16:20.739,00:16:22.150
118,"飼育ができて",,,,00:16:26.159,00:16:27.099
119,"しっかりイルカと付き合えなければ",58,"仲村","（厳しい顔で）飼育ができて、
しっかりイルカと付き合えなければ、",00:16:28.530,00:16:30.200
120,"治療も検査もできやしない",59,"仲村","治療も検査もできやしない",00:16:30.859,00:16:32.159
121,"データを見るだけの順位なら",60,"仲村","データを見るだけの獣医なら、
ウチはいらない",00:16:35.549,00:16:36.859
122,"うちはいらない",,,,00:16:38.099,00:16:38.880
123,"それが",,,,00:16:44.719,00:16:45.150
124,"官庁の方針だ",61,"仲村","（ニコッと顔を崩して）それが館長の方針だ",00:16:45.799,00:16:46.950
125,"うわあ",,,,00:17:19.808,00:17:20.279
126,"ああ",,,,00:17:31.160,00:17:31.199
127,"はい",,,,00:17:36.449,00:17:36.479
128,"なんだこれ",62,"仲村","何ね、これ？",00:18:50.329,00:18:50.939
129,"来週",,,,00:18:52.160,00:18:52.709
130,"海亀の放流があるでしょ",63,"七海","来週、海亀の放流会あるでしょ。
その時どうかなと思って",00:18:53.359,00:18:54.709
131,"そうやってとか",,,,00:18:55.729,00:18:56.569
,,64,"仲村","……え？",00:18:58.449,00:19:03.489
132,"うん",,,,00:18:59.430,00:18:59.569
133,"かぶってみて",65,"七海","かぶってみて",00:19:03.540,00:19:04.140
134,"どんなして",66,"仲村","……どんなして？",00:19:06.000,00:19:06.579
135,"元気",,,,00:19:40.069,00:19:40.589
136,"仕事には慣れた",,,,00:19:41.400,00:19:42.449
137,"こっちは忙しいながらも毎日充実してます",,,,00:19:43.390,00:19:46.140
138,"かずやも頑張ってね",,,,00:19:47.209,00:19:48.310
139,"応援してるよ",,,,00:19:49.150,00:19:50.010
140,"ヨコ",,,,00:19:50.989,00:19:51.469
,,67,"一也","フジ……",00:20:35.695,00:22:04.493
141,"風",,,,00:20:54.630,00:20:54.959
142,"まず",,,,00:22:03.949,00:22:04.550
143,"持ち方はですね",68,"仲村","まず、持ち方はですね――",00:22:05.390,00:22:06.569
144,"このように",,,,00:22:07.739,00:22:08.790
145,"前の足の",,,,00:22:09.380,00:22:10.400
146,"脇の部分に",,,,00:22:11.439,00:22:12.510
147,"手をぱっと入れてください",,,,00:22:12.719,00:22:14.160
148,"固定してくださいね",,,,00:22:15.079,00:22:16.290
149,"交流する時は",,,,00:22:16.949,00:22:18.349
150,"絶対に",,,,00:22:19.000,00:22:20.060
151,"投げないでくださいよ",,,,00:22:20.869,00:22:22.489
152,"よ",,,,00:22:23.229,00:22:23.469
153,"みんな持った",,,,00:22:24.170,00:22:24.859
154,"ちゃんと持ってるよ",,,,00:22:26.010,00:22:26.900
155,"優しくない",,,,00:22:27.400,00:22:28.000
156,"優しく",,,,00:22:28.709,00:22:29.000
157,"じゃあ",,,,00:22:47.609,00:22:48.079
158,"で",,,,00:22:53.270,00:22:53.290
159,"バイバイ",,,,00:23:01.459,00:23:02.219
160,"バイ",,,,00:23:03.339,00:23:03.489
161,"じゃあ",,,,00:23:29.170,00:23:29.199
162,"そして",,,,00:23:38.319,00:23:38.800
163,"水槽内を",,,,00:23:39.119,00:23:40.010
164,"柔かく",,,,00:23:40.329,00:23:41.150
165,"赤ちゃん",,,,00:23:48.380,00:23:48.880
166,"そう",,,,00:23:53.079,00:23:53.130
167,"ね",,,,00:23:53.410,00:23:53.589
168,"目に",,,,00:23:54.989,00:23:55.310
169,"的な",,,,00:23:57.589,00:23:58.349
170,"半身ラーメン",,,,00:24:00.119,00:24:01.040
171,"上村",69,"福原","植村",00:24:04.560,00:24:05.130
172,"どうだ？",,,,00:24:11.280,00:24:11.729
173,"やってるか？",70,"福原","どうだ、やってるか？",00:24:12.199,00:24:12.729
174,"はい",,,,00:24:13.910,00:24:14.170
175,"なんとかやってます",71,"一也","はい。何とかやってます",00:24:14.609,00:24:15.449
176,"そうか",,,,00:24:16.089,00:24:16.849
177,"まだ持ってるか？",72,"福原","そうか、まだもってるか",00:24:17.459,00:24:18.400
178,"まあお前も結構穴場だからな",73,"福原","ま、お前も、
結構ヤナワラバーだからな",00:24:21.810,00:24:23.910
,,74,"一也","？",00:24:24.300,00:24:26.765
179,"俺も接待なんかより魚の相手していてよ",75,"福原","オレも、
接待なんかより魚の相手していてーよ",00:24:26.790,00:24:29.640
180,"ま",,,,00:24:31.660,00:24:31.920
181,"それとうまくやってるか？",76,"福原","ああ。
(小指を立て)コレとうまくやってるか、
ええ？",00:24:32.969,00:24:33.959
182,"え？",,,,00:24:35.640,00:24:35.859
,,77,"一也","え？ハハ(愛想笑いで)",00:24:42.194,00:24:51.327
183,"ありがとうござい",,,,00:24:43.949,00:24:44.520
184,"ます",,,,00:24:44.650,00:24:44.709
185,"こんにちは",78,"七海","いらっしゃい",00:24:51.420,00:24:52.640
186,"そう聞かないでください",,,,00:24:56.800,00:24:57.829
,,79,"一也","ソーキカレーください",00:24:58.259,00:25:05.030
187,"村上さんと",,,,00:25:01.390,00:25:01.900
188,"あの",,,,00:25:02.849,00:25:03.010
189,"や",,,,00:25:04.349,00:25:04.750
190,"やは",80,"七海","はーい",00:25:05.099,00:25:05.810
,,81,"一也","（小さな声で七海に）あの、
ヤナワラバーってどういう意味ですか？",00:25:07.552,00:25:09.981
191,"どういう意味です",,,,00:25:08.650,00:25:09.109
192,"か？",,,,00:25:09.839,00:25:10.500
,,82,"七海","ヤナワラバー？",00:25:10.005,00:25:12.434
193,"それは",,,,00:25:11.209,00:25:11.729
194,"富士のことだな",83,"仲村","（新聞に目を落としたまま）それはフジのことだな",00:25:12.459,00:25:13.400
195,"わんぱくで",,,,00:25:21.729,00:25:22.479
196,"ゴーじょっぱりっていう意味",,,,00:25:22.599,00:25:23.790
,,84,"七海","腕白で、強情っ張りって意味",00:25:31.306,00:25:49.964
197,"それから",,,,00:25:33.520,00:25:34.310
,,85,"七海","(笑いながら)あ、ソーキカレーね",00:25:50.153,00:26:08.811
198,"今日の朝の数値どうだった？",86,"ユリ","チャオの朝の数値どうだった？",00:26:09.000,00:26:10.560
199,"白血球の数も下がってきてますし",87,"一也","白血球の数も下がってきてますし、
血液像も良化してるんで、",00:26:11.599,00:26:13.229
200,"血液も了解してるんでこのままでいきます",88,"一也","このままでいきますい",00:26:13.430,00:26:15.280
201,"もしもし？",89,"一也","もしもし？",00:26:44.449,00:26:44.890
202,"どうしたの？",,,,00:26:45.900,00:26:46.560
203,"そんな時間に珍しいね",90,"陽子の声","どうしたの？
こんな時間にめずらしいね",00:26:47.109,00:26:48.589
204,"いやちょっと時間空いたから",91,"一也","いや、ちょっと時間空いたから。
今大丈夫？",00:26:48.719,00:26:49.760
205,"今大丈夫？",,,,00:26:50.170,00:26:50.800
206,"うん大丈夫だよ",,,,00:26:51.550,00:26:52.660
,,92,"一也","え、また出張？",00:26:53.339,00:26:57.912
207,"今成田に向かってるところ",,,,00:26:53.859,00:26:55.329
208,"また",,,,00:26:56.109,00:26:56.150
209,"今週も休みだし",93,"陽子の声","そう、今週も休みなし。大変。
一也はどうしてんの？",00:26:57.959,00:26:59.229
210,"大変",,,,00:26:59.719,00:27:00.290
211,"かはどうしてんの",,,,00:27:01.869,00:27:02.819
212,"も",,,,00:27:03.780,00:27:03.890
213,"大変",,,,00:27:04.020,00:27:04.119
214,"だよやんなきゃいけないことめちゃくちゃいっぱいあってさ",94,"一也","こっちも大変だよ。
やんなきゃいけないことめちゃくちゃいっぱいあってさ",00:27:04.310,00:27:06.510
,,95,"陽子の声","へー",00:27:06.410,00:27:08.489
215,"じゃあ俺一人だし",96,"一也","獣医オレ一人だし",00:27:08.510,00:27:09.500
216,"頑張ってるじゃん",97,"陽子の声","頑張ってるじゃん",00:27:10.599,00:27:11.770
,,98,"一也","！",00:28:06.454,00:29:01.751
217,"腐った匂いがするだろう",99,"仲村","腐った匂いがするだろ",00:29:02.310,00:29:03.400
,,100,"一也","……壊死してますね",00:29:03.699,00:29:05.075
218,"エしてますね",,,,00:29:03.930,00:29:04.660
219,"エシしてるのは分かってるさ",101,"剛","壊死してるのはわかってるさッ！",00:29:05.089,00:29:06.430
220,"お前獣医の癖に気づかなかったのかよ",102,"剛","お前、
獣医のくせに気づかなかったのかよ！",00:29:10.390,00:29:12.170
221,"聞いてんのかよ",,,,00:29:14.150,00:29:14.979
222,"聞いてんのかよ",,,,00:29:16.650,00:29:17.650
223,"うっせえ何見てるんだろう",,,,00:29:18.000,00:29:19.310
224,"なんだ",,,,00:29:20.599,00:29:20.910
225,"か",,,,00:29:21.130,00:29:21.250
226,"よ",,,,00:29:22.420,00:29:22.589
227,"やめろ",,,,00:29:23.630,00:29:24.280
228,"やめろ",103,"仲村","いい加減にしろッ！",00:29:26.209,00:29:27.000
229,"いい",,,,00:29:29.829,00:29:30.109
,,104,"ユリ","……比嘉君ね、
前に担当してたリュウっていうイルカを亡くしてるの",00:29:35.306,00:29:44.312
,,105,"一也","……",00:29:44.403,00:29:53.409
230,"比嘉君ね",,,,00:29:49.060,00:29:49.910
231,"前に担当してたビューティーとかなくしてるの",,,,00:29:50.270,00:29:52.599
232,"だから順位のあなたにはついきついこと言っちゃうんだよ",106,"ユリ","だから獣医のあなたには、
ついキツイこと言っちゃうのよ",00:29:53.500,00:29:56.199
233,"気持ちはわかりますけど",107,"一也","気持ちはわかりますけど……",00:29:57.729,00:29:59.060
234,"だから",,,,00:29:59.939,00:30:00.050
235,"上村君",108,"ユリ","植村君",00:30:01.949,00:30:02.469
236,"あなたは",,,,00:30:05.709,00:30:06.239
237,"自分が世話してきた動物死なせたことある？",109,"ユリ","あなた、自分が世話してきた動物、
死なせたことある？",00:30:06.469,00:30:08.880
238,"不思議で持ってくる",,,,00:30:15.609,00:30:16.400
239,"富士の発病は突然だった",110,"一也Ｎ","フジの発病は突然だった……",00:30:31.030,00:30:32.599
240,"原因不明の感染症",111,"一也Ｎ","原因不明の感染症。
壊死がなぜ起こったのか？
わからない……。",00:30:35.280,00:30:36.800
241,"エ氏がなぜ起こったのか",,,,00:30:39.239,00:30:40.520
242,"わからない",,,,00:30:40.689,00:30:41.310
243,"野生のイルカにも",112,"一也Ｎ","野生のイルカにも、
同じ症例が確認されている",00:30:44.079,00:30:45.089
244,"同じ症例が確認されている",,,,00:30:45.750,00:30:47.400
245,"薬をより強いものに変える",,,,00:31:07.680,00:31:09.439
246,"その副作用なのか",,,,00:31:10.910,00:31:12.000
247,"肝機能障害が出始める",113,"一也Ｎ","薬をより強いものに変える。
その副作用なのか、
肝機能障害が出始める。",00:31:12.709,00:31:14.239
,,114,"一也Ｎ","しかし、その後も壊死は止まらず、
進行する",00:31:20.302,00:31:27.819
248,"二十",,,,00:31:23.430,00:31:23.569
249,"栄養と薬を与えるため",,,,00:31:26.359,00:31:27.949
,,115,"一也Ｎ","栄養と薬を与えるため、
点滴に変える。しかし、
その後も壊死は止まらず、",00:31:27.895,00:31:35.413
250,"点滴に変える",,,,00:31:28.599,00:31:29.520
251,"しかし",,,,00:31:32.349,00:31:32.869
252,"その後もは止まらず",,,,00:31:33.689,00:31:35.089
253,"進行する",116,"一也Ｎ","進行する",00:31:35.489,00:31:36.219
254,"調べた限りでは",,,,00:31:45.689,00:31:46.709
255,"富士と似たような症例で",117,"一也","調べた限りでは、
フジと似たような症例で、",00:31:47.310,00:31:48.469
256,"生存している部下は一と思いません",,,,00:31:48.859,00:31:50.579
,,118,"一也","生存しているイルカは１頭もいません",00:31:50.175,00:31:53.011
257,"で",,,,00:31:52.020,00:31:52.219
258,"お前の結論は",119,"仲村","……で、お前の結論は？",00:31:53.040,00:31:53.910
259,"えした部分を",,,,00:31:56.030,00:31:56.839
260,"切り落とすしかないと思っています",120,"一也","……壊死した部分を、
切り落とすしかないと思っています",00:31:57.439,00:31:58.900
,,121,"剛",!?,00:31:59.529,00:32:01.598
261,"他に方法はないの？",122,"ユリ","他に方法はないの？",00:32:01.619,00:32:02.550
262,"このまま今の治療を続けても",123,"一也","このまま今の治療を続けても、
死ぬのを待つだけです",00:32:04.500,00:32:06.020
263,"死ぬのを待つだけです",,,,00:32:06.510,00:32:07.550
264,"切れば",,,,00:32:11.959,00:32:12.550
265,"助かるのか？",124,"剛","切れば助かるのか？",00:32:12.869,00:32:13.510
266,"節が止まらなければ",,,,00:32:16.640,00:32:17.670
267,"富士は確実に死にます",125,"一也","壊死が止まらなければフジは確実に死にます。",00:32:18.170,00:32:19.469
268,"切り落とすが止まれば",126,"一也","切り落として壊死が止まれば、
助かる可能性があります",00:32:20.140,00:32:21.359
269,"助かる可能性があります",,,,00:32:21.550,00:32:22.589
270,"もうちょっと上げてください",,,,00:32:29.890,00:32:30.739
271,"サーモグラフィーで医師の状態を検査する",127,"一也Ｎ","サーモグラフィーで壊死の状態を検査する",00:32:35.449,00:32:37.729
272,"富士の尾びれの四分の三に",128,"一也Ｎ","フジの尾びれの４分の３に血液が流れていなかった",00:32:39.540,00:32:41.170
273,"血液が流れていなかっ",,,,00:32:42.050,00:32:43.530
274,"明日",,,,00:32:46.979,00:32:47.319
275,"電気メスによる富士の尾びれの切除手術を行う",129,"仲村の声","明日、
電気メスによるフジの尾びれの切除手術を行う",00:32:47.540,00:32:50.290
276,"手術は",,,,00:32:51.520,00:32:52.020
277,"県立北部病院の島袋先生にお願いしました",130,"仲村","手術は県立北部病院の島袋先生にお願いしました。",00:32:52.239,00:32:54.780
278,"尾びれの右側を島袋先生",131,"仲村","尾びれの右側を島袋先生、
左側を植村が担当する",00:32:56.199,00:32:58.040
279,"左側を",,,,00:32:58.920,00:32:59.540
280,"上村が担当する",,,,00:33:00.000,00:33:00.920
281,"経験もない順位で大丈夫なんですか？",132,"剛","経験もない獣医で大丈夫なんですか",00:33:02.680,00:33:04.550
282,"誰にでも",,,,00:33:08.280,00:33:08.829
283,"初めては",133,"仲村","誰にでも初めてはある",00:33:09.339,00:33:09.989
284,"お疲れ様です",134,"一也","お疲れさまです",00:33:33.170,00:33:33.989
285,"単純だけどいい名前だよな",135,"福原","……単純だけどいい名前だよな",00:33:44.270,00:33:45.910
286,"富士山の見える伊豆の海から来たから富士",136,"福原","富士山の見える伊豆の海から来たからフジ。
オレが付けたんだけどな",00:33:48.500,00:33:51.099
287,"俺がつけたんだけどな",,,,00:33:53.699,00:33:54.770
288,"もう三十年になるか",137,"福原","もう30年になるか、
フジがここに来てから……",00:33:58.880,00:34:01.099
289,"富士がここに来てから",,,,00:34:01.339,00:34:02.680
290,"沖縄海洋博が終わってすぐだったから",138,"福原の声","沖縄海洋博が終わってすぐだったから……",00:34:06.319,00:34:09.070
291,"それはとにかく",,,,00:34:11.938,00:34:13.179
292,"頑固で",,,,00:34:13.750,00:34:14.389
,,139,"福原の声","フジはとにかく頑固で、
あまのじゃくで、
手を焼かされたもんだ",00:34:14.944,00:34:23.482
293,"天も弱で",,,,00:34:15.149,00:34:15.929
294,"手を明かされたもん",,,,00:34:17.779,00:34:18.998
295,"ショーは嫌いでな",,,,00:34:21.289,00:34:22.539
296,"得意な技は一つもなかった",140,"福原の声","ショーが嫌いでな、
得意な技は１つもなかった",00:34:23.569,00:34:25.378
297,"だけど",,,,00:34:28.760,00:34:29.270
298,"三頭も子供を産んで",141,"福原の声","だけど、３頭も子供を生んで、
育てた。
フジは美ら海のビックマザーだ",00:34:30.458,00:34:32.040
299,"育てた",,,,00:34:33.539,00:34:34.178
300,"九時は",,,,00:34:36.560,00:34:37.188
301,"海海のビッグマザーだ",,,,00:34:38.188,00:34:39.659
302,"手術は明日か？",142,"福原","……手術は明日か",00:34:42.458,00:34:43.580
,,143,"一也","はい……",00:34:44.638,00:34:46.797
303,"はい",,,,00:34:45.039,00:34:45.279
304,"そうか",144,"福原","そうか……",00:34:46.819,00:34:47.589
305,"で",,,,00:35:02.300,00:35:02.320
,,145,"ミチル","……フジは助かるのか？",00:35:30.049,00:36:12.847
306,"富士は",,,,00:35:55.399,00:35:55.810
307,"助かるのか？",,,,00:36:00.139,00:36:00.929
308,"やれるだけのことをやる",146,"一也","……やれるだけのことはやる",00:36:13.280,00:36:14.530
309,"すぐ終わるか？",147,"剛","頑張れよ、すぐ終わるから",00:37:45.639,00:37:46.320
310,"手術は成功した",,,,00:40:03.169,00:40:04.290
311,"富士の食事量は少しずつ増え",148,"一也Ｎ","手術は成功した。
フジの食事量は少しずつ増え、",00:40:07.669,00:40:09.500
312,"傷口も順調に回復してきている",149,"一也Ｎ","傷口も順調に回復してきている",00:40:10.340,00:40:12.350
313,"白血球の値が正常に戻り",,,,00:40:17.300,00:40:19.120
314,"二次感染の心配もなくなった",150,"一也Ｎ","白血球の値が正常に戻り、
２次感染の心配もなくなった",00:40:19.929,00:40:21.580
315,"富士を隔離プールからラグンプールに戻す",151,"一也Ｎ","フジを隔離プールからラグーンプールに戻す。
フジの命は、助かった",00:40:24.360,00:40:26.689
316,"富士の命は",,,,00:40:30.229,00:40:30.969
317,"助かった",,,,00:40:31.260,00:40:31.780
318,"はい",,,,00:40:59.370,00:40:59.489
319,"うん",,,,00:42:58.510,00:42:58.739
320,"あ",,,,00:43:02.330,00:43:02.479
321,"おい",152,"一也","おいッ",00:43:03.489,00:43:03.780
322,"おいおい",,,,00:43:04.379,00:43:05.270
323,"ちょっと待って",,,,00:43:09.360,00:43:09.959
324,"おい",,,,00:43:19.300,00:43:19.379
325,"泳げない子はいるかじゃない",,,,00:43:27.540,00:43:29.120
326,"富士は",,,,00:45:54.919,00:45:55.310
327,"このまま泳がない状態が続けば",153,"一也の声","フジは、
このまま泳がない状態が続けば、",00:45:56.179,00:45:58.010
328,"新たな病気を引き起こす可能性があります",154,"一也の声","新たな病気を引き起こす可能性があります。",00:45:58.679,00:46:00.790
329,"富士の尾びれを再生するプロジェクトを",155,"一也の声","フジの尾びれを再生するプロジェクトを立ち上げたいんです――",00:46:02.699,00:46:04.580
330,"立ち上げたいんです。",,,,00:46:05.030,00:46:05.870
331,"直接ブリジストンの本社に交渉しに行きたいのですが、",156,"一也","――直接、
ブリヂストンの本社に交渉しに行きたいのですが",00:46:07.770,00:46:10.429
332,"面白そうじゃねえか。",157,"福原","……面白そうじゃないか",00:46:18.570,00:46:19.649
,,158,"福原","フジが泳げるようになれば、
ミチルも元気が出るだろう",00:46:23.313,00:46:28.009
333,"土が泳げるようになれば",,,,00:46:24.689,00:46:26.219
334,"日も元気が出るだろう",,,,00:46:26.419,00:46:27.899
,,159,"一也","？",00:46:28.056,00:46:32.752
335,"うちの母親は",,,,00:46:30.510,00:46:31.830
336,"男を追っかけて本土行ったんだ。",160,"福原","ミチルの母親は男を追いかけて本土に行ったんだ。
それ以来、",00:46:32.800,00:46:34.770
337,"それ以来、",,,,00:46:36.330,00:46:37.050
338,"おじいがあの子の面倒見てる",161,"福原","オジイがあの子の面倒を見てる",00:46:37.310,00:46:39.030
339,"は父に",,,,00:46:44.120,00:46:44.939
340,"母親を重ねてるのかもしんねえな",162,"福原","ミチルは、
フジに母親を重ねてんのかもしんねえなぁ……",00:46:45.540,00:46:47.939
341,"やってみな",163,"福原","やってみな",00:46:55.260,00:46:55.860
342,"はい",164,"一也","（嬉しい）……はい",00:46:58.479,00:46:58.760
343,"なかなか出くわさねえもんだなあ",165,"福原","なかなか出くわさねえもんだなぁ、
クジラには……",00:47:01.979,00:47:04.620
344,"こちらには",,,,00:47:05.909,00:47:06.659
345,"一",,,,00:47:21.709,00:47:22.239
346,"お前のお母さんから荷物出るよ。",166,"オジイ","ミチル、お前の母さんから、
荷物届いてるよ",00:47:23.899,00:47:26.419
347,"あの",,,,00:48:24.870,00:48:25.149
348,"私どもは",,,,00:48:26.300,00:48:27.239
349,"自動車のタイヤなどの",,,,00:48:27.750,00:48:29.250
350,"ゴム製品を取り扱うメーカーです。",167,"遠藤","私どもは、
自動車のタイヤなどのゴム製品を取り扱うメーカーです。",00:48:29.439,00:48:31.899
351,"まあ正直、",,,,00:48:32.679,00:48:33.620
352,"生き物相手の製品をこれまで作ったことがなく",168,"遠藤","正直……生き物相手の製品をこれまで作ったことがなく、",00:48:34.590,00:48:37.610
353,"非常に難しいかと。",169,"遠藤","非常に難しいかと……",00:48:38.399,00:48:40.219
354,"イルカの帯びは",,,,00:48:41.219,00:48:42.080
355,"タイヤのゴムの感触にそっくりなんです。",170,"一也","イルカの尾びれは、
タイヤのゴムの感触にそっくりなんです",00:48:42.699,00:48:44.479
356,"アメリカのグッドイヤーが",,,,00:48:48.909,00:48:50.070
357,"サメに右手を食べられた亀に",171,"一也","アメリカのグッドイヤーが、
サメに右手を食べられた海亀に、",00:48:50.669,00:48:52.399
358,"手を作った例があります。",172,"一也","手びれを作った例があります。",00:48:52.909,00:48:54.110
359,"イルカの人口ビルではまだ誰も作ったことがなく、",173,"一也","イルカの人工尾びれはまだ誰も作ったことがなく、
もしできれば、",00:48:56.110,00:48:58.399
360,"もしできれば",,,,00:48:59.300,00:49:00.100
361,"世界初です。",174,"一也","世界初です",00:49:00.729,00:49:01.620
362,"今のままでは",,,,00:49:04.659,00:49:05.469
,,175,"一也","今のままではフジは泳ぐことができません。
浮いているだけです。",00:49:04.744,00:49:08.719
363,"富士を読むことができません。",,,,00:49:06.360,00:49:07.689
364,"浮いているだけです",176,"一也","毎日毎日、
ただ浮いているだけなんです。",00:49:08.760,00:49:09.669
365,"毎日毎日",,,,00:49:10.500,00:49:11.469
366,"ただ浮いているだけなんです",,,,00:49:11.959,00:49:13.229
367,"富士",,,,00:49:15.129,00:49:15.179
368,"に人工オビを作ってやってください",177,"一也","フジに人工尾びれを作ってやってください。
フジを助けたいんです。",00:49:15.280,00:49:17.010
369,"富士を助けたいんです",,,,00:49:17.830,00:49:18.919
370,"もう一度",,,,00:49:19.540,00:49:20.010
371,"泳がせてやりたいんです",178,"一也","もう１度泳がせてやりたいんです。
お願いします！（頭を下げる）",00:49:20.800,00:49:21.909
372,"お願いします",,,,00:49:24.489,00:49:25.300
373,"お話はよく分かりました",,,,00:49:35.979,00:49:37.169
374,"一度検討させてください",179,"須藤","……お話はよくわかりました。
１度検討させてください。",00:49:38.639,00:49:40.219
375,"後日こちらから連絡差し上げます",180,"須藤","後日こちらから連絡差し上げます",00:49:41.639,00:49:43.370
376,"もしもし？",181,"陽子","もしもし",00:50:11.989,00:50:12.500
377,"もしもし？",,,,00:50:13.500,00:50:13.969
378,"悪い",,,,00:50:14.370,00:50:14.639
379,"今そっち向かってるから",182,"一也の声","もしもし、悪い、
今そっち向かってるから",00:50:15.159,00:50:16.139
380,"あとどんぐらいかかりそう？",183,"陽子","後どれくらいかかりそう？",00:50:18.080,00:50:19.280
381,"うん",,,,00:50:20.350,00:50:20.600
382,"三十分ぐらいか",184,"一也","んー、３０分ぐらいかな",00:50:21.370,00:50:22.139
383,"な三十分",,,,00:50:23.169,00:50:23.919
,,185,"陽子","３０分？",00:50:23.270,00:50:25.151
,,186,"一也","うん",00:50:25.170,00:50:27.051
384,"時間ないよ",187,"陽子","時間ないよ",00:50:27.070,00:50:28.219
385,"え？",,,,00:50:28.649,00:50:28.840
386,"なんで",188,"一也","えっ、なんで？",00:50:29.290,00:50:29.510
387,"会社戻んなきゃいけないの",189,"陽子","会社戻んなきゃいけないの",00:50:30.050,00:50:31.560
,,190,"一也","マジ？こんな時間に？",00:50:32.229,00:50:34.387
388,"に",,,,00:50:33.100,00:50:33.250
389,"仕事残ってるから",191,"陽子","仕事残ってるから",00:50:34.409,00:50:35.649
390,"会いたい",192,"一也","(立ち止まり)……会いたい",00:50:39.010,00:50:39.469
391,"私も同じだよ",193,"陽子","……私も同じだよ",00:50:43.439,00:50:44.600
392,"ずっと待ってたんだから",194,"陽子","ずっと待ってたんだから",00:50:47.840,00:50:49.060
393,"ごめん",,,,00:50:52.409,00:50:52.760
,,195,"一也","……ゴメン",00:50:54.264,00:51:00.624
394,"またさあ",,,,00:50:58.949,00:50:59.770
395,"東京来る予定ないの？",196,"陽子","またさ、東京来る予定ないの？",00:51:00.689,00:51:01.989
396,"いやちょっと",,,,00:51:04.280,00:51:05.000
397,"分かんないな",197,"一也","……いや、ちょっと、わかんないな",00:51:05.610,00:51:06.320
398,"そっか",,,,00:51:07.570,00:51:08.169
399,"タイミングが合わないね",198,"陽子","そっか。タイミング合わないね",00:51:10.000,00:51:11.110
400,"どこでもどうでもあればいいのにな",199,"一也","“どこでもドア“でもあればいいのにな",00:51:12.909,00:51:14.500
401,"変わらないね風は",200,"陽子","変わらないねー、一也は",00:51:17.800,00:51:19.429
402,"じゃあ",,,,00:51:22.050,00:51:22.649
403,"気をつけて帰ってね",201,"陽子","じゃあ……気をつけて帰ってね",00:51:22.959,00:51:23.979
404,"うん",,,,00:51:25.020,00:51:25.340
405,"じゃあ",,,,00:51:26.139,00:51:26.570
406,"また連絡する",202,"一也","うん……じゃあ、また連絡する",00:51:27.540,00:51:28.330
407,"バイバイ",203,"陽子","うん、バイバイ",00:51:30.429,00:51:30.949
408,"はい",,,,00:52:36.649,00:52:36.840
409,"たったた一等のイルカのために",204,"剛","たった１頭のイルカのために、",00:52:44.330,00:52:45.750
410,"大企業がそんなもん作ってくれるはずないと思うんだよね",,,,00:52:46.399,00:52:48.750
,,205,"剛","大企業がそんなもん作ってくれるはずないと思うんだよね",00:52:46.984,00:52:49.612
411,"ない",206,"ユリ","わかんないわよ",00:52:49.639,00:52:49.790
412,"よ",,,,00:52:50.429,00:52:50.669
413,"ね",,,,00:52:51.320,00:52:51.439
,,207,"七海","植村君だけにね",00:52:51.686,00:52:53.712
414,"すぐ野さんで",,,,00:52:52.919,00:52:54.050
,,208,"剛","何だよそれ、七海さんまで",00:52:53.733,00:52:55.759
415,"こんにちは",209,"七海","いらっしゃい",00:52:55.780,00:52:56.649
416,"お疲れ様",,,,00:52:58.810,00:52:59.120
417,"です",,,,00:52:59.340,00:52:59.379
418,"ブリジストンから連絡来た",210,"ユリ","ブリヂストンから連絡来た？",00:53:01.939,00:53:03.419
419,"もう忘れてんじゃないの？",211,"剛","もう忘れてんじゃないのぉ？",00:53:06.860,00:53:07.919
420,"早期から大盛り",,,,00:53:10.760,00:53:11.889
,,212,"一也","……ソーキカレー大盛り！",00:53:11.070,00:53:15.237
421,"大体さ",213,"七海","はーい",00:53:15.280,00:53:15.949
422,"イルか体に物つけられるの",214,"剛","大体さ、
イルカは体に異物をつけられるの、
すごく嫌がるんだよ。",00:53:16.590,00:53:18.330
423,"すごく嫌がるんだよ",,,,00:53:18.540,00:53:19.449
424,"うまくいくとは思えないよね",215,"剛","うまくいくとは思えないね",00:53:20.580,00:53:21.639
425,"これからは治療だけじゃなくて",216,"一也","これからは治療だけじゃなくて、",00:53:23.699,00:53:25.340
426,"リハビリも必要になってくると思うんですよそれはお前の勝手のは理屈だろう",217,"一也","リハビリも必要になってくると思うんですよ",00:53:25.919,00:53:29.560
,,218,"剛","それはお前の勝手な理屈だろ。
そんなことフジがホントに望んでんのか",00:53:29.384,00:53:32.815
427,"そんなこと",,,,00:53:30.580,00:53:31.120
428,"が本当に望んでるのか",,,,00:53:31.719,00:53:32.669
429,"望んでるかもしれないじゃないですか。",219,"一也","望んでるかもしれないじゃないですか",00:53:32.850,00:53:34.270
,,220,"剛","望んでないかもしれないだろ",00:53:34.584,00:53:36.300
430,"で",,,,00:53:34.649,00:53:34.739
431,"ない",,,,00:53:35.449,00:53:35.679
432,"か",,,,00:53:36.310,00:53:36.679
,,221,"一也","わかんないでしょ",00:53:36.318,00:53:38.034
433,"も",,,,00:53:37.149,00:53:37.250
434,"しれ",,,,00:53:37.570,00:53:38.000
,,222,"剛","わかんないだろ",00:53:38.052,00:53:39.768
435,"ないのに",,,,00:53:38.689,00:53:38.860
436,"ね",,,,00:53:39.000,00:53:39.540
,,223,"七海","……フジがしゃべれたらわかるのにねぇ",00:53:39.786,00:53:41.502
437,"毎日顔を突き合わせて",224,"仲村","毎日顔つき合わせてたってわからないもんなんだよなぁ、",00:53:41.520,00:53:43.429
438,"いた",,,,00:53:43.570,00:53:43.610
439,"分からないもんなんだよな",,,,00:53:44.290,00:53:45.649
440,"イルカの気持ちって",225,"仲村","イルカの気持ちって",00:53:46.010,00:53:47.149
441,"人の気持ちと同じだ",226,"七海","人の気持ちとおんなじだ",00:53:49.810,00:53:51.409
442,"うん",,,,00:53:59.659,00:53:59.699
,,227,"一也の声","課長！",00:54:11.290,00:54:32.555
443,"そっちは",,,,00:54:25.719,00:54:26.239
444,"どうですか？じゃあ",,,,00:54:26.899,00:54:27.600
445,"うん",,,,00:54:28.179,00:54:28.199
446,"連絡が来ました",228,"一也","連絡が来ました！",00:54:32.770,00:54:33.969
447,"ブリジストンが来ます",229,"一也","ブリヂストンが来ます！",00:54:35.389,00:54:36.580
448,"イルカの富士が",,,,00:54:38.649,00:54:39.399
449,"もう一度元気に泳げるようになるために",,,,00:54:40.149,00:54:42.320
450,"ぜひ",,,,00:54:43.070,00:54:43.449
451,"協力させていただきたいと思っております",,,,00:54:43.739,00:54:45.919
,,230,"剛","……植村",00:54:45.776,00:54:56.059
452,"株式会社ブリジストン",,,,00:54:46.939,00:54:48.320
453,"須藤裕二",,,,00:54:49.149,00:54:49.919
,,231,"一也","はい？(と振り返る）",00:54:56.163,00:55:06.446
454,"お疲れ様です",,,,00:55:00.010,00:55:01.590
455,"富士のためになることだったら俺は何でもやる。",232,"剛","フジのためになることだったらオレは何でもやる。
でも、",00:55:06.550,00:55:08.669
456,"でも少しでも",,,,00:55:11.159,00:55:11.929
457,"無事を傷つけたり、",233,"剛","少しでもフジを傷つけたり、",00:55:12.469,00:55:13.409
458,"ストレスを与えるようなことがあったら、",,,,00:55:14.800,00:55:16.300
459,"実は協力しないからな。",234,"剛","ストレスを与えるようなことがあったら一切協力しないからな",00:55:17.629,00:55:18.719
460,"富士の命は助けることができた。",235,"福原","フジの命は助けることができた。
でも、本当にそれだけでいいのか？",00:55:44.989,00:55:47.100
461,"でも、",,,,00:55:53.100,00:55:53.439
462,"本当にそれだけでいいのか、",,,,00:55:56.830,00:55:58.449
463,"俺たちには",236,"福原","俺たちには何ができるのか？",00:56:01.850,00:56:02.580
464,"何ができるのか。",,,,00:56:05.189,00:56:06.169
465,"イルカを水族館なんかで飼ってるから、",237,"福原の声","イルカを水族館なんかで飼ってるから、
プールに閉じ込めて、",00:56:14.370,00:56:16.550
466,"プールに閉じ込めて冷凍の魚を食わしてるから病気になるんだ",238,"福原の声","冷凍の魚を食わしてるから病気になるんだ、
そう言う人もいるだろう。",00:56:17.219,00:56:20.830
467,"そういう人もいるだろう。",,,,00:56:21.409,00:56:22.419
468,"ま、そうかもしれない。",,,,00:56:23.469,00:56:24.429
469,"そう言われても仕方がない。",239,"福原の声","まあ、そうかも知れない。
そう言われても仕方がない",00:56:25.500,00:56:26.850
470,"でもな",,,,00:56:28.639,00:56:29.080
471,"水族館で",,,,00:56:30.610,00:56:31.570
472,"海の生物のことを知りたい、",240,"福原の声","でもな、
水族館で海の生物のことを知りたい、
見たいという人がいる以上、",00:56:31.790,00:56:33.600
473,"見たいという人がいる以上、",,,,00:56:34.219,00:56:35.689
474,"俺たちはできる限り",,,,00:56:36.570,00:56:37.870
475,"生き物にとって快適な環境を作らなきゃならない。",241,"福原の声","俺たちはできる限り、
生き物にとって快適な環境を作らなきゃならない。",00:56:38.620,00:56:41.649
476,"金ビネなんても富士にとっちゃいい迷惑なのかもしれねえな",242,"福原の声","人工尾びれなんてもんは、
フジにとっちゃいい迷惑なのかも知れねえな。",00:56:45.360,00:56:49.199
477,"こんなもんつけやがって泳げに食ってしょうがない",243,"福原の声","『こんなもんつけやがって泳ぎにくくてしょうがない』そう思うかも知れねえよ。",00:56:50.870,00:56:53.540
478,"そう思うかもしれないよ。",,,,00:56:55.360,00:56:56.659
479,"イルカにとって何が幸せなのか、",244,"福原の声","イルカにとって何が幸せなのか、
俺たち人間にわかるはずがねえんだ。",00:56:59.129,00:57:01.290
480,"俺たち人間には分かるはずがねえんだ。",,,,00:57:01.830,00:57:03.850
481,"今回のことは",,,,00:57:10.260,00:57:11.149
482,"これからの治療につなげるつもりであろう。",245,"福原の声","今回のことはこれからの治療につなげるつもりでやろう。",00:57:12.179,00:57:14.520
483,"泳ぎは確実に良くなった",246,"福原の声","泳ぎが確実に良くなった、",00:57:16.000,00:57:17.620
484,"速さがこれだけ違うという",247,"福原の声","速さがこれだけ違うというきちんとしたデータを残してくれ。",00:57:18.340,00:57:20.060
485,"きちんとした",,,,00:57:20.600,00:57:21.340
486,"データを残してくれ",,,,00:57:21.899,00:57:22.919
487,"銀行ビルを作りました",248,"福原の声","『人工尾びれを作りました。
素晴らしい』そんな、",00:57:24.959,00:57:26.300
488,"素晴らしい",,,,00:57:26.929,00:57:27.570
489,"そんな",,,,00:57:28.320,00:57:28.780
490,"人の勝手な思い込みで終わらせちゃいけない",249,"福原の声","人の勝手な思い込みで終わらせちゃいけねえ。
それが、",00:57:29.320,00:57:31.699
491,"それが",,,,00:57:33.820,00:57:34.379
492,"世界初ということ",,,,00:57:35.850,00:57:37.280
493,"意義で",,,,00:57:38.060,00:57:38.780
,,250,"福原の声","世界初ということの意義であり、
使命だと思う",00:57:39.864,00:57:50.303
494,"使命だと",,,,00:57:40.360,00:57:41.209
495,"ブリジストンスドウ様",,,,00:57:48.310,00:57:49.469
496,"リクエストが二点あります",251,"一也の声","ブリヂストン須藤様　リクエストが２点あります。
１つは、",00:57:50.409,00:57:51.800
497,"一つは残った富士のびれを",,,,00:57:52.800,00:57:54.500
498,"傷つけないこと",252,"一也の声","残ったフジの尾びれを傷つけないこと",00:57:54.770,00:57:55.600
499,"二つ目は壊れないこと",253,"一也の声","２つ目は壊れないこと。
プールの中で壊れると、",00:57:56.889,00:57:58.129
500,"プールの中で壊れると",,,,00:57:59.300,00:58:00.610
501,"その破片をイルカが食べてしまう危険があるからです",254,"一也の声","その破片をイルカが食べてしまう危険があるからです",00:58:01.330,00:58:03.939
502,"水",,,,00:58:14.129,00:58:14.570
503,"人口尾びれの完成を待つ間",,,,00:58:15.560,00:58:17.459
504,"富士の異物装着訓練を始めました",255,"一也の声","追伸　人工尾びれの完成を待つ間、
フジの異物装着訓練を始めました",00:58:18.389,00:58:20.419
505,"もう何つけられても",256,"剛","（満足気に）もう、
何つけられても大丈夫ですよ",00:58:27.010,00:58:28.209
506,"大丈夫ですよ",,,,00:58:28.489,00:58:29.020
507,"イルカのビルってまた生えてくるって知ってた？",257,"一也","イルカの尾びれって、
また生えてくるって知ってた？",00:58:48.389,00:58:50.389
,,258,"ミチル","え？",00:58:50.612,00:58:52.814
,,259,"ミチル","？？？",00:58:52.836,00:58:55.037
508,"開けますよ",260,"一也の","開けますよー！",00:58:55.060,00:58:56.060
509,"そうそうそう",,,,00:59:08.770,00:59:09.290
510,"大丈夫",,,,00:59:28.919,00:59:29.379
511,"中に入ってて",,,,00:59:31.629,00:59:32.360
512,"これが",,,,00:59:32.820,00:59:33.010
513,"はいの中に入っちゃってここで？",,,,00:59:36.129,00:59:37.489
514,"うん",,,,00:59:38.709,00:59:38.870
515,"ああ",,,,00:59:40.379,00:59:40.659
516,"え",,,,00:59:47.080,00:59:47.090
517,"これはもうちょっと上ですね",,,,00:59:50.399,00:59:51.409
518,"はい",,,,00:59:52.219,00:59:52.350
519,"穴を通して",,,,00:59:54.760,00:59:55.699
520,"緩みはないです",,,,00:59:59.760,01:00:00.500
521,"で",,,,01:00:01.840,01:00:01.979
522,"うん",,,,01:00:12.149,01:00:12.189
523,"どう",,,,01:00:22.550,01:00:22.570
524,"の",,,,01:00:25.550,01:00:25.590
,,261,"一也",?!,01:00:56.175,01:02:56.078
525,"あやった",,,,01:01:59.090,01:01:59.479
526,"もう泳いだ",,,,01:02:00.010,01:02:00.469
527,"怖い怖い",,,,01:02:11.239,01:02:11.729
528,"なんか",,,,01:02:23.889,01:02:24.110
529,"ね",,,,01:02:24.449,01:02:24.659
530,"佐藤さん",,,,01:02:27.560,01:02:27.919
531,"数値が見える窓があるんで",,,,01:02:28.270,01:02:29.399
532,"いきましょう。",,,,01:02:29.719,01:02:30.040
533,"はい。",,,,01:02:30.219,01:02:30.449
534,"それ",,,,01:02:32.379,01:02:32.899
535,"で",,,,01:02:33.070,01:02:33.090
536,"ああ",,,,01:02:39.310,01:02:39.370
537,"いや",,,,01:02:41.870,01:02:42.270
538,"いやあ、",,,,01:02:56.110,01:02:57.080
539,"久しぶりに泳いでる富士を見ましたよ。",262,"仲村","いやぁ、
久しぶりに泳いでるフジを見ましたよ",01:02:57.290,01:03:00.040
540,"実は",,,,01:03:00.679,01:03:01.189
541,"内緒にひやひやしてたんですよ。",263,"須藤","実は内心ヒヤヒヤしてたんです",01:03:01.300,01:03:02.939
,,264,"仲村","？",01:03:04.134,01:03:06.940
542,"人口尾びれが重くて、富士が沈むんじゃないかって。",265,"須藤","人工尾びれが重くてフジが沈むんじゃないかって",01:03:06.969,01:03:09.530
543,"かなり水の抵抗がかかるんですかね。",266,"一也","かなり水の抵抗がかかるんですかねぇ",01:03:16.649,01:03:19.020
544,"普通",,,,01:03:19.750,01:03:20.280
545,"帯を一、二度振るとスと進みますが、",267,"一也","普通、尾びれを１、
２度振るとスイッと進みますが、",01:03:20.540,01:03:22.600
546,"富士は何度もキックしてますね。",268,"一也","フジは何度もキックしてますよね",01:03:23.399,01:03:24.899
547,"次は尾びれの大きさと装着部分を改善していきましょう。",269,"須藤","次は尾びれの大きさと装着部分を改善していきましょう",01:03:26.129,01:03:29.179
548,"はい。",270,"一也","はい",01:03:30.570,01:03:30.800
549,"コニーの帯でほんと綺麗",271,"ユリ","コニーの尾びれってホント綺麗……",01:03:39.469,01:03:41.189
550,"機能的に優れたものは形も美しいですよね。",272,"須藤","機能的に優れたものは形も美しいですよね",01:03:42.770,01:03:45.340
551,"あれ本物はすごいな",273,"須藤","やっぱり本物はすごいな……",01:03:48.399,01:03:49.500
552,"竜ので",,,,01:03:51.729,01:03:52.350
,,274,"剛","（仲村に）リュウの尾びれ、
使えるんじゃないですか？",01:03:52.889,01:03:57.334
553,"使えるんじゃないですか。",,,,01:03:52.899,01:03:53.790
554,"あの",,,,01:03:55.699,01:03:56.159
555,"死んだイルカのびれがあるんですが、",275,"仲村","（須藤に）死んだイルカの尾びれならあるんですが、
参考になりますか？",01:03:57.379,01:03:59.330
556,"参考になりますか？",,,,01:03:59.780,01:04:00.580
557,"に",,,,01:04:05.020,01:04:05.040
558,"お願いします。",,,,01:04:07.830,01:04:08.500
559,"須藤様",,,,01:04:20.860,01:04:21.489
560,"富士は人工びれをつけたことで、",276,"一也の声","須藤様　フジは人工尾びれを着けたことで、",01:04:23.709,01:04:25.320
561,"少しずつ",,,,01:04:25.729,01:04:26.489
562,"泳ぎを思い出したようです。",277,"一也の声","少しずつ泳ぎを思い出したようです。
最近は、",01:04:26.929,01:04:28.189
563,"最近は",,,,01:04:30.550,01:04:31.179
564,"人口びれをつけなくても泳ごとしています。",278,"一也の声","人工尾びれを着けなくても泳ごうとしています。
フジの、いや、",01:04:31.659,01:04:33.929
565,"富士",,,,01:04:36.189,01:04:36.580
566,"生き物の生命力には",279,"一也の声","生き物の生命力には本当に驚かされます",01:04:38.949,01:04:40.320
567,"本当に驚かされます。",,,,01:04:40.850,01:04:42.149
568,"帯びを安全につけるために",280,"ユリ","(ミチルを見て)尾びれを安全に着けるために、",01:05:23.689,01:05:25.290
569,"浅瀬プールに呼び込む訓練の",281,"ユリ","浅瀬プールに呼び込む訓練なの",01:05:25.409,01:05:27.030
,,282,"ミチル","（黙ってフジを見つめたまま）……",01:05:27.179,01:05:28.931
570,"富士も入ったことない場所は怖いんだろう",283,"ユリ","フジも入ったことのない場所は怖いんだろうな",01:05:28.949,01:05:30.850
571,"よし",,,,01:05:50.060,01:05:50.260
572,"うん",,,,01:06:02.679,01:06:02.739
573,"うん",,,,01:06:06.389,01:06:06.449
574,"そうそうそうそうそうそうそうそう",,,,01:06:36.989,01:06:37.550
,,284,"ミチル",!?,01:07:12.498,01:08:55.012
575,"おい",,,,01:07:36.300,01:07:36.510
576,"うん",,,,01:08:08.050,01:08:08.070
577,"ああ",,,,01:08:48.990,01:08:49.350
578,"やったぞ",,,,01:08:49.529,01:08:50.310
579,"やったぞ",,,,01:08:50.729,01:08:51.410
580,"よしやったぞ",285,"剛","よぉし、やったぞ！やったぞ！フジ！",01:08:56.048,01:08:57.188
581,"よし",,,,01:08:59.149,01:08:59.479
582,"よし",,,,01:09:00.040,01:09:00.189
583,"よし",,,,01:09:00.330,01:09:00.529
584,"よし",,,,01:09:01.240,01:09:01.529
585,"このカーリング型はクロスベルト型と比べて",286,"須藤","このカウリング型は、",01:09:03.459,01:09:06.000
586,"水の抵抗がほぼ半分になりました",287,"須藤","クロスベルト型と比べて水の抵抗はほぼ半分になりました",01:09:06.299,01:09:07.919
587,"お願いします",,,,01:09:26.430,01:09:26.990
,,288,"一也","（笑顔で）どれがフジだかわかりません！",01:09:31.750,01:09:56.947
588,"で",,,,01:09:46.649,01:09:46.779
,,289,"ユリ","偉大なるビッグマザー、フジに乾杯！",01:09:57.202,01:10:22.399
,,290,"一同","乾杯！",01:10:22.653,01:10:47.851
,,291,"ユリ","館長のおごりですから、
どんどん飲んでください",01:10:48.105,01:11:13.302
589,"何が不だか分かりませ",,,,01:11:08.859,01:11:10.160
590,"ん",,,,01:11:10.299,01:11:10.350
591,"ダイナミック",,,,01:11:13.229,01:11:14.319
,,292,"須藤","（飲んで）うまい！",01:11:13.557,01:11:38.754
592,"に",,,,01:11:14.640,01:11:15.080
593,"富士に乾",,,,01:11:15.229,01:11:15.589
594,"そして",,,,01:11:19.569,01:11:20.049
595,"人工未来のプロジェクト",,,,01:11:20.270,01:11:21.479
596,"いや体調の残りですからねどんどん飲んじゃってください",,,,01:11:25.470,01:11:28.379
597,"すいませ",,,,01:11:29.750,01:11:30.049
598,"ん",,,,01:11:30.879,01:11:30.930
599,"実は禁止してたんですよ",293,"須藤","実は禁酒してたんですよ",01:11:39.009,01:11:40.350
,,294,"一也","え、そうなんですか？",01:11:40.894,01:11:42.760
600,"そうなんすか",,,,01:11:41.299,01:11:42.200
601,"人工帯びが軌道に乗るまでは飲まないんですね",295,"須藤","人工尾びれが軌道に乗るまで、
飲まないって決めてたんです",01:11:42.779,01:11:44.810
602,"見てるだけだった",,,,01:11:46.770,01:11:47.709
,,296,"剛","浮いてるだけだったフジが、
あんなに生き生きと泳ぐなんて、",01:11:46.771,01:11:50.723
603,"ね富士が",,,,01:11:48.189,01:11:49.080
604,"あんな生き生きと呼ぶなんて俺はもう最高だ",,,,01:11:49.529,01:11:52.209
,,297,"剛","俺はもうサイコーだッ",01:11:50.763,01:11:54.715
605,"半年",,,,01:11:53.240,01:11:53.549
606,"し",,,,01:11:53.649,01:11:53.669
607,"なくても",,,,01:11:53.770,01:11:54.100
608,"ね",,,,01:11:54.299,01:11:54.669
,,298,"須藤","イルカの尾びれを作ってるって言ったら、
初めて娘が誉めてくれましたよ",01:11:54.755,01:11:58.707
609,"と",,,,01:11:55.589,01:11:55.669
610,"の帯を作ってるって言ったら",,,,01:11:56.450,01:11:57.850
611,"初めて娘がほめてくれましたよ",,,,01:11:58.419,01:12:00.100
,,299,"七海","フジさまさまですね",01:11:58.747,01:12:02.700
612,"ね",,,,01:12:01.879,01:12:01.939
613,"久しぶりにものづくりの面白さを思い出しました",300,"須藤","久しぶりに、
モノづくりの面白さを思い出しました",01:12:02.740,01:12:04.919
614,"私も",,,,01:12:05.919,01:12:06.569
615,"この仕事を二十年やってますが",301,"仲村","私もこの仕事を20年やっていますが、",01:12:06.839,01:12:08.660
616,"イルカに教えられることばっかりです。",302,"仲村","イルカに教えられることばっかりです",01:12:09.399,01:12:11.450
617,"完全に俺たち富士に咲きこされてますよね。",303,"一也","完全にオレたち、
フジに先越されてますよね",01:12:12.290,01:12:14.770
618,"もう",,,,01:13:38.500,01:13:38.850
619,"海は出ないのか？",304,"福原","(起き上がって)……もう海へは出ないのか？",01:13:39.180,01:13:40.299
,,305,"ユリの声","植村君！",01:13:50.773,01:14:02.251
,,306,"ユリ","フジがジャンプしたよ！",01:14:02.367,01:14:13.845
620,"口をパクパクしているのが、",,,,01:14:07.899,01:14:09.439
621,"イルカの赤ちゃんの",,,,01:14:09.740,01:14:10.549
622,"この栄光検査はね、",,,,01:14:11.870,01:14:12.979
623,"イルカのお腹の調子や",,,,01:14:13.520,01:14:14.870
,,307,"一也",!?,01:14:13.961,01:14:25.439
624,"赤ちゃんの動きを見ることができる機械で、",,,,01:14:15.259,01:14:17.279
625,"今",,,,01:14:18.310,01:14:18.709
626,"ほら赤ちゃんが見えるでしょ。ぱくぱくしてるのが赤ちゃんだよ",,,,01:14:19.200,01:14:21.680
627,"みんな",,,,01:14:23.569,01:14:24.140
,,308,"一也","(やって来て)ユリさん、
ホントですか？",01:14:25.555,01:14:37.033
628,"ジュリさん",,,,01:14:35.029,01:14:35.680
629,"本当ですか？",,,,01:14:35.790,01:14:36.470
630,"コニーのターゲットを描けてジャンプしてきたんだから、",309,"ユリ","コニーのターゲット目指してジャンプしてきたんだから！",01:14:37.149,01:14:39.350
631,"すごいなあ。",310,"一也","(嬉しそうにフジに)すごいな",01:14:40.819,01:14:42.399
632,"あれ、",311,"一也","あれ？",01:15:08.089,01:15:08.390
633,"割れた",312,"ユリ","割れた!?",01:15:10.330,01:15:10.850
634,"ま",,,,01:15:17.069,01:15:17.180
635,"とか",,,,01:15:18.569,01:15:18.700
636,"ね。",,,,01:15:18.810,01:15:18.990
637,"よかった",,,,01:15:20.950,01:15:21.359
638,"よかった",,,,01:15:22.040,01:15:22.529
639,"ここです。",313,"ユリの声","あー、ここです",01:15:40.290,01:15:40.970
640,"まさか富士がジャンプするとは思いませんでした。",314,"須藤","まさかフジがジャンプするとは思いませんでした",01:15:44.009,01:15:46.169
641,"私たちも予想していませんでした。",315,"仲村","私たちも予想してませんでした",01:15:46.669,01:15:48.589
642,"幸い怪我は大したことはなかったです。",316,"一也","幸い怪我はたいしたことなかったです。
それで、",01:15:49.350,01:15:51.160
643,"それで",,,,01:15:51.479,01:15:51.879
644,"次回の過ではもっとちょっと待ってください。",,,,01:15:52.270,01:15:54.160
,,317,"一也","次回の改良ではもっと丈夫な――",01:15:52.530,01:15:55.678
,,318,"剛","ちょっと待ってください",01:15:55.710,01:15:58.858
645,"人工ビデオをつけなくても、",,,,01:15:57.120,01:15:58.450
646,"富士は十分泳げるようになってます。",319,"剛","人工尾びれをつけなくても、
フジは充分泳げるようになってます。",01:15:58.890,01:16:00.669
647,"壊れるような",,,,01:16:02.490,01:16:03.299
648,"人口ビデオはもう二度とつけたくありません。",320,"剛","壊れるような人工尾びれはもう二度とつけたくありません",01:16:03.540,01:16:05.479
649,"でも",,,,01:16:06.259,01:16:06.560
650,"富士は飛ぼうとしたんですよ。",321,"一也","でも、フジは飛ぼうとしたんですよ。
応えてやるべきじゃないですか",01:16:07.240,01:16:08.520
651,"答えてやるべきじゃないです。怪我したところから金が入って",,,,01:16:09.009,01:16:11.890
,,322,"剛","怪我したところから菌が入って、
また壊死したらどうする?!",01:16:11.950,01:16:16.612
652,"また意識したらどうする？",,,,01:16:12.509,01:16:13.709
653,"お前責任取れんのか？",323,"剛","お前、責任取れるのか?!",01:16:16.660,01:16:17.720
654,"どうなんだ？",324,"剛","どうなんだよ？言ってみろ！",01:16:20.120,01:16:20.680
655,"行ってみ",,,,01:16:21.569,01:16:22.089
656,"どうなんだよお前もういい",325,"仲村","もういい。やめろ",01:16:22.979,01:16:24.859
657,"やめろ",,,,01:16:25.770,01:16:26.160
,,326,"仲村","（須藤に頭を下げ）すみませんでした",01:16:42.592,01:17:02.009
658,"失礼します",,,,01:16:54.299,01:16:54.899
659,"すいませんでした",,,,01:17:01.169,01:17:02.000
,,327,"須藤","……いえ",01:17:02.205,01:17:21.622
660,"え？",,,,01:17:04.379,01:17:04.390
661,"白海海水族館上村和也様",328,"須藤の声","ちゅら海水族館　植村一也様――",01:17:21.819,01:17:23.990
662,"富士を助けたい",,,,01:17:25.779,01:17:26.609
663,"もう一度泳がせてやりたい",329,"須藤の声","――フジを助けたい、
もう一度泳がせてやりたい。",01:17:27.339,01:17:28.669
664,"上村さんの言葉に",,,,01:17:29.680,01:17:30.830
665,"動かされました",,,,01:17:31.049,01:17:31.779
,,330,"須藤の声","植村さんの言葉に動かされました。
フジと出会えたことに感謝しています。",01:17:33.114,01:17:38.832
666,"富士と出会えたことに感謝しています",,,,01:17:33.709,01:17:35.549
667,"ありがとうございました",331,"須藤の声","ありがとうございました",01:17:38.890,01:17:39.750
668,"ああ",,,,01:18:04.350,01:18:04.370
669,"それぞれ",,,,01:18:06.080,01:18:06.689
670,"カラオケ",,,,01:18:06.819,01:18:07.149
671,"こちら",,,,01:18:08.750,01:18:08.810
672,"一",,,,01:18:13.549,01:18:13.589
673,"お",,,,01:18:29.819,01:18:29.830
674,"シークワサージュース",332,"一也","シークヮーサージュース",01:18:57.040,01:18:58.160
675,"ありがとう",333,"陽子","ありがと",01:18:59.109,01:18:59.589
676,"久しぶりだね",334,"陽子","……久しぶりだね",01:19:11.620,01:19:12.750
677,"うん",,,,01:19:13.919,01:19:14.250
678,"来るなら連絡くれればよかった",335,"一也","……うん。
来るなら連絡くれればよかったのに",01:19:15.759,01:19:17.370
679,"急に仕事が休みになったからさ",336,"陽子","急に仕事が休みになったからさ。
びっくりさせようと思って",01:19:19.459,01:19:21.430
680,"びっくりさせようと思って",,,,01:19:21.879,01:19:22.979
681,"水族館の順位ってさ",337,"陽子","……水族館の獣医ってさぁ、
大変なんだね",01:19:39.879,01:19:41.819
682,"大変なんだね",,,,01:19:42.419,01:19:43.450
683,"東京戻ってこないの？",338,"陽子","……東京戻って来ないの？",01:19:59.629,01:20:00.870
684,"あ",,,,01:20:13.799,01:20:13.939
685,"俺明日休みだからさ",339,"一也","……あ、オレ明日休みだからさ、
案内しようか",01:20:14.689,01:20:16.029
686,"案内にしよっか",,,,01:20:16.629,01:20:17.220
687,"おじいは",,,,01:20:55.000,01:20:55.770
688,"おじいの母の所に帰ったんだ",340,"福原","……オジイは、
オジイのお母のところに帰ったんだ",01:20:56.140,01:20:58.290
689,"うちおいで",341,"福原","……ウチへおいで",01:21:01.229,01:21:01.890
690,"ばあさんと二人きりだ",342,"福原","婆さんと二人きりだ。心配ない",01:21:03.790,01:21:05.080
691,"心配ない",,,,01:21:06.629,01:21:07.189
,,343,"一也","比嘉さん",01:23:24.604,01:25:44.010
692,"比嘉さん",,,,01:25:41.240,01:25:41.700
693,"この人口ビルを見せて",,,,01:25:43.729,01:25:44.939
694,"富士が来なかったら諦めます",344,"一也","この人工尾びれを見せて、
フジが来なかったら諦めます",01:25:45.419,01:25:46.810
695,"もし来たら",,,,01:25:47.910,01:25:48.569
,,345,"一也","(後を追い)もし来たら、
フジにはつける意思があるってことです。",01:25:48.369,01:25:51.289
696,"富士にはつける石があるっていうことです",,,,01:25:49.060,01:25:50.770
697,"これをつけて泳ぎたいってことです",346,"一也","これをつけて泳ぎたいってことです。
お願いします！",01:25:51.319,01:25:52.950
698,"お願いします",,,,01:25:53.819,01:25:54.540
699,"なんかあったら俺が順位として責任を取ります",347,"一也","何かあったらオレが獣医として責任を取ります。
やらせて下さい！",01:25:54.959,01:25:56.890
700,"やらせてください",,,,01:25:57.180,01:25:57.790
701,"いい",,,,01:25:57.899,01:25:57.919
702,"加減にしろさん",348,"剛","いい加減にしろよ",01:25:58.049,01:25:58.810
,,349,"一也","（行く手を遮り）比嘉さん、",01:25:58.909,01:25:59.761
703,"つけるかつけないかは無事に決めさせてください",350,"一也","つけるかつけないかはフジに決めさせて下さい！
お願いします！",01:25:59.770,01:26:01.740
704,"お願いします",,,,01:26:02.080,01:26:02.720
705,"そうです",,,,01:26:05.189,01:26:05.450
706,"やってみ",,,,01:26:10.310,01:26:10.799
707,"来るの？",,,,01:26:48.649,01:26:49.439
708,"来るのはふ",,,,01:27:15.680,01:27:16.279
,,351,"仲村","（剛に）……やってみろ",01:27:39.159,01:29:17.555
709,"カー",,,,01:28:43.279,01:28:43.299
710,"の種類を",,,,01:28:43.399,01:28:44.229
711,"そうですねちょっと",,,,01:28:46.149,01:28:47.089
,,352,"剛","（思わず）来るなよ、フジ……",01:29:18.549,01:30:56.945
712,"仲は",,,,01:30:56.709,01:30:57.290
713,"是非館長にお願いしたいと",353,"仲村","仲人はぜひ館長にお願いしたい、
と２人の意見が一致しまして",01:30:57.939,01:30:59.700
714,"二人の意見が一致しまして",,,,01:31:00.459,01:31:01.850
715,"引き受けてはもらえませんでしょうか？",354,"七海","引き受けてはもらえませんでしょうか？",01:31:05.759,01:31:07.450
,,355,"福原","……繁殖だ",01:31:10.692,01:31:15.576
,,356,"二人","？",01:31:15.626,01:31:20.510
716,"あれでしょ？ほら",,,,01:31:17.160,01:31:17.640
717,"いや",,,,01:31:19.370,01:31:19.609
718,"富士に負けないように",357,"福原","いや、フジに負けないように、
二人で励んで、繁殖だ",01:31:20.560,01:31:21.660
719,"二人であげるんだよ",,,,01:31:22.520,01:31:23.319
720,"完食だ",,,,01:31:23.870,01:31:24.410
721,"はい",,,,01:31:25.620,01:31:25.899
722,"ああ",,,,01:31:29.180,01:31:29.649
723,"ああ",,,,01:31:30.709,01:31:30.930
724,"お前知ってたのこれ？",358,"福原","おう、お前知ってたか、これ？",01:31:32.160,01:31:33.370
,,359,"一也","えっ？何ですか",01:31:33.319,01:31:34.467
725,"え？",,,,01:31:33.560,01:31:33.669
726,"館長",360,"仲村","館長（いいですから）",01:31:34.479,01:31:34.790
727,"どうですか？",,,,01:31:34.950,01:31:35.229
728,"全く",,,,01:31:36.770,01:31:37.069
729,"こうな",,,,01:31:37.589,01:31:38.509
730,"あ",,,,01:31:41.120,01:31:41.350
731,"見てる",,,,01:31:41.870,01:31:42.470
732,"東京行ったぞ",361,"福原","まったくなぁ……。あ、ミチル、
東京行ったぞ",01:31:43.140,01:31:43.930
733,"え？",,,,01:31:44.500,01:31:44.819
,,362,"一也","え！……",01:31:45.324,01:31:47.487
734,"お母に",,,,01:31:46.709,01:31:47.240
735,"会う気になったんだろう",363,"福原","お母に会う気になったんだろ",01:31:47.509,01:31:48.370
736,"なんで早く行ってくれないんですか？",364,"一也","……なんで早く言ってくれないんですか",01:31:48.950,01:31:50.439
737,"だってさだもん",,,,01:31:51.890,01:31:53.279
738,"なおからバスに乗るって",365,"福原","だってさっきだもん。
名護からバスに乗るって――",01:31:54.180,01:31:55.419
739,"あの",,,,01:32:07.580,01:32:07.859
740,"僕たちの馴れ初めを",366,"仲村","あの、
ボクたちの馴れ初めをお話しましょうか――",01:32:08.729,01:32:10.240
741,"お話ししましょうか？",,,,01:32:10.470,01:32:11.370
,,367,"福原","いい……",01:32:37.733,01:33:06.447
742,"毎年",,,,01:32:55.680,01:32:56.410
743,"ありがとうございます",,,,01:32:57.370,01:32:57.600
744,"この場所は",,,,01:32:58.359,01:32:59.000
745,"沖縄自動車道",,,,01:32:59.310,01:33:00.680
746,"那覇攻撃",,,,01:33:01.040,01:33:01.910
747,"所要時間は",,,,01:33:03.669,01:33:04.509
748,"およそ",,,,01:33:04.879,01:33:05.339
749,"一時間四十五分を予定しております",,,,01:33:05.479,01:33:07.959
,,368,"ミチル","……",01:33:06.737,01:33:35.451
750,"あ",,,,01:33:27.129,01:33:27.250
751,"開けろ",,,,01:33:34.870,01:33:35.490
,,369,"ミチル","ありがと",01:33:35.741,01:34:04.455
,,370,"一也","え？",01:34:04.745,01:34:33.459
752,"ありがとう",,,,01:34:13.209,01:34:13.720
753,"風の代わり",,,,01:34:19.140,01:34:20.000
754,"いつ",,,,01:34:30.169,01:34:30.620
755,"おはよう",,,,01:34:31.450,01:34:31.830
,,371,"ミチル","フジの代わりにアタシが言っただけだよ！",01:34:33.749,01:35:02.463
,,372,"一也","(追って)いつでもフジに会いに来いよ！",01:35:02.753,01:35:31.467
756,"ブルーカリング型です",,,,01:35:22.560,01:35:23.799
757,"オッケー",,,,01:35:30.330,01:35:30.529
,,373,"須藤","ブルーカウリング型です",01:35:31.757,01:36:00.471
,,374,"剛","植村",01:36:00.761,01:36:29.475
758,"上",,,,01:36:14.580,01:36:14.950
759,"はい",,,,01:36:16.689,01:36:16.879
,,375,"一也","はい？",01:36:29.765,01:36:58.479
760,"ハイジャンプ",376,"剛","ハイジャンプ、いきます！",01:36:58.770,01:36:59.490
761,"行きます",,,,01:37:00.180,01:37:00.770
762,"貫の",,,,01:38:57.899,01:38:58.520
763,"人とイルカに",,,,01:38:59.069,01:38:59.870
764,"いろんなことを教わりました",377,"一也の声","美ら海の人とイルカに、
いろんなことを教わりました。",01:39:00.419,01:39:01.640
765,"俺はここが好きです",,,,01:39:03.189,01:39:04.399
766,"この仕事が好きです",378,"一也の声","オレはここが好きです。
この仕事が好きです。",01:39:05.390,01:39:06.549
767,"イルカのことを",379,"一也の声","イルカのことをもっと知りたいと思っています。
だから、",01:39:07.830,01:39:08.649
768,"もっと知りたいと思っています",,,,01:39:09.069,01:39:10.339
769,"だから",,,,01:39:11.649,01:39:12.129
770,"東京へは戻りません",380,"一也の声","東京へは戻りません――",01:39:13.250,01:39:14.430
771,"夢を追い続けていきます",381,"一也の声","――夢を追い続けていきます",01:39:18.589,01:39:20.259
772,"学校",,,,01:39:23.040,01:39:23.930
773,"すると",,,,01:39:49.439,01:39:50.250
774,"を信じ",,,,01:42:47.790,01:42:49.310
